Site,Sl No.,Plot No.,Dimension,Area
Plots,1,2,"(43'0"" + 51'0"") / 2  x (60'3"" + 59'6"") / 2 ",2814
Plots,2,2 (A),"40'0"" x 60'0""",2400
Plots,3,2 (E),"(43'3""+64'0"") / 2 x (74'3""+59'6"") / 2",3586
Plots,4,3,"40'0"" x 60'0""",2400
Plots,5,3 (A),"40'0"" x 60'0""",2400
Plots,6,3 (D),"(46'3"" + 44'9"") / 2 x (59'9""+48'9"") / 2",2468
Plots,7,3 (E),"(61'6""+60'0"") / 2 x (48'9""+33'6"") / 2",2498
Plots,8,4,"40'0"" x 60'0""",2400
Plots,9,4 (A),"40'0"" x 60'0""",2400
Plots,10,4 (E),"(107'6""+104'6"") / 2 x (33'6""+8'3"") / 2",2213
Plots,11,5 (D),"(51'0""+50'0"") / 2 x (31'0""+19'6"") / 2",1275
Plots,12,7,"(67'3""+51'3"") / 2 x (114'0""+70'0"") / 2 ",5451
Plots,13,7 (A),"51'3"" x 40'0""",2050
Plots,14,7 (B),"(67'9""+52'6"") / 2 x (113'0""+70'3"") / 2 ",5509
Plots,15,8,"51'3"" x 40'0""",2050
Plots,16,8 (A),"(51'3""+51'0"") / 2  x 40'0""",2045
Plots,17,8 (B),"52'6"" x 40'0""",2100
Plots,18,8 (C),"52'6"" x 40'0""",2100
Plots,19,9,"51'0"" x 40'0""",2040
Plots,20,9 (A),"51'0"" x 40'0""",2040
Plots,21,9 (B),"52'6"" x 40'0""",2100
Plots,22,9 (C),"52'6"" x 40'0""",2100
Plots,23,10,"51'0"" x 40'0""",2040
Plots,24,10 (A),"(52'6"" + 52'3"") / 2  x 40'0""",2095
Plots,25,13,"80' 0"" x 80' 0""",6400
Plots,26,14,"80' 0"" x 80' 0""",6400
Plots,27,15,"(52'9""+52'3"") / 2  x 40'0""",2100
Plots,28,15 (a),"53'0"" x 40'0""",2120
Plots,29,16,"52'9"" x 40'0""",2110
Plots,30,16 (A),"52'9"" x 40'0""",2110
Plots,31,17 A,"50'6"" x 40'0""",2020
Plots,32,17 B,"(66'0""+50'6"") / 2 x (87'3""+46'0"") / 2",3881
Plots,33,18,"80'0"" x (42'5"" + 107'7"") / 2",6000
Plots,34,19,"50' 0'' x 80' 0""",4000
Plots,35,20,"44' 6'' x 80' 0""",3560
Plots,36,21,"50' 0'' x 80' 0""",4000
Plots,37,22,"50' 0'' x 80' 0""",4000
Plots,38,23,"50' 0'' x 80' 0""",4000
Plots,39,24,"(80'0"" + 83'3"") / 2  x (73'0"" + 90'6"") / 2",6673
Plots,40,25,"80'0"" x 50'0""",4000
Plots,41,25 (A),"(80'0""+84'6"") / 2 x (24'6""+0'0"") / 2",1008
Plots,42,26,"50' 0"" x 80' 0""",4000
Plots,43,27,"50' 0"" x 80' 0""",4000
Plots,44,28,"50' 0"" x 80' 0""",4000
Plots,45,31,"(51'6""+40'0"") / 2 x (90'0""+57'6"") / 2",3374
Plots,46,31 (a),"(51'6""+40'0"") / 2 x (57'6""+25'0"") / 2",1887
Plots,47,32,"50' 0"" x 80' 0""",4000
Plots,48,33,"50' 0"" x 80' 0""",4000
Plots,49,34,"(80'0"" + 82'9"") / 2 x (25'0"" + 48'3"") 2 ",2980
Plots,50,35,"(52'0"" + 64'3"") 2 x (94'6"" + 149'9"")  /2",7098
Plots,51,36,"(65'0""+53'6"") / 2 x (94'6""+39'3"") / 2",3962
Plots,52,36 (A),"(44'0""+34'3"") / 2 x (39'6""+0') / 2",773
Plots,53,37,"(0'+44'6"") / 2 x (60'3""+74'9"") / 2",1502
Plots,54,37 (A),"(44'6""+73'9"") / 2 x (40'0""+49'6"") / 2",2646
Plots,55,37 (B),"(73'9""+72'3"") / 2 x (40'0""+45'6"") / 2",3121
Plots,56,38,"(72'3"" + 67'6"")/2 x (30'0""+30'3"")/2",2105
Plots,57,38 (A),"(67'6"" + 71'0"")/2 x (30'0""+30'3"")/2",2086
Plots,58,39,"(71'0"" + 90'6"") / 2 x (40'0"" + 44'6"") / 2",3412
Plots,59,39 (A),"(90'6"" + 92'0"") / 2 x  (50'0"" + 62'6"") / 2",5133
Plots,60,40,"(91'6""+74'3"") / 2 x (30'0"" + 34'6"") / 2",2673
Plots,61,41,"(74'3""+57'3"") / 2 x (30'0""+34'6"") / 2",2120
Plots,62,42,"(57'3"" + 42'0"") / 2 x (30'0"" + 34'6"") / 2",1600
Plots,63,43,"29' 6"" x 40' 0""",1180
Plots,64,44,"30' 0"" x 40' 0""",1200
Plots,65,45,"30' 0"" x 40' 0""",1200
Plots,66,46,"30' 0"" x 40' 0""",1200
Plots,67,47,"30' 0"" x 40' 0""",1200
Plots,68,48,"30' 0"" x 40' 0""",1200
Plots,69,49,"30' 0"" x 40' 0""",1200
Plots,70,50,"30' 0"" x 40' 0""",1200
Plots,71,51,"30' 0"" x 40' 0""",1200
Plots,72,52,"30' 0"" x 40' 0""",1200
Plots,73,53,"30' 0"" x 40' 0""",1200
Plots,74,54,"30' 0"" x 40' 0""",1200
Plots,75,55,"30' 0"" x 40' 0""",1200
Plots,76,56,"30' 0"" x 40' 0""",1200
Plots,77,57,"30' 0"" x 40' 0""",1200
Plots,78,58,"30' 0"" x 40' 0""",1200
Plots,79,59,"30' 0"" x 40' 0""",1200
Plots,80,60,"30' 0"" x 40' 0""",1200
Plots,81,61,"30' 0"" x 40' 0""",1200
Plots,82,62,"30' 0"" x 40' 0""",1200
Plots,83,63,"30' 0"" x 40' 0""",1200
Plots,84,64,"30' 0"" x 40' 0""",1200
Plots,85,65,"30' 0"" x 40' 0""",1200
Plots,86,66,"30' 0"" x 40' 0""",1200
Plots,87,67,"30' 0"" x 40' 0""",1200
Plots,88,68,"30' 0"" x 40' 0""",1200
Plots,89,69,"30' 0"" x 40' 0""",1200
Plots,90,70,"30' 0"" x 40' 0""",1200
Plots,91,71,"(40'3"" + 40'0"") / 2 x (25'6""+29'0"") / 2",1093
Plots,92,72,"80' 0"" x 50' 0""",4000
Plots,93,72 (A),"36'3"" x 41'6""",1504
Plots,94,72 (B),"(41'6"" + 41'3"") / 2 x 36'3""",1500
Plots,95,73,"(49'6"" + 72'6"") / 2 x (38'6""+45'3"") / 2",2554
Plots,96,73 (A),"(99'6"" + 77'3"") / 2 x (40'+45'6""') / 2",3778
Plots,97,73 (B),"(77'3"" + 54'6"") / 2 x (40'+46') / 2",2832
Plots,98,73 (C.),"(54'6"" + 31') / 2 x (40'+46') / 2",1838
Plots,99,74,"(31' + 0) / 2 x (64'0""+ 55'6"") / 2",926
Plots,100,75/1,"(35'3"" + 0'0"")/2 x (69'3""+59'6"") / 2",1135
Plots,101,75 (c),"30' 0"" x 50' 0""",1500
Plots,102,76,"30' 0"" x 50' 0""",1500
Plots,103,77,"30' 0"" x 50' 0""",1500
Plots,104,78,"30' 0"" x 50' 0""",1500
Plots,105,79,"30' 0"" x 50' 0""",1500
Plots,106,80,"30' 0"" x 50' 0""",1500
Plots,107,81,"30' 0"" x 50' 0""",1500
Plots,108,82,"30' 0"" x 50' 0""",1500
Plots,109,83,"30' 0"" x 50' 0""",1500
Plots,110,84,"30' 0"" x 50' 0""",1500
Plots,111,85,"30' 0"" x 50' 0""",1500
Plots,112,86,"30' 0"" x 50' 0""",1500
Plots,113,87,"30' 0"" x 50' 0""",1500
Plots,114,88,"30' 0"" x 50' 0""",1500
Plots,115,88 (A),"30' 0"" x 50' 0""",1500
Plots,116,88 (B),"30' 0"" x 50' 0""",1500
Plots,117,88 (C.),"30' 0"" x 50' 0""",1500
Plots,118,89,"50'0"" x 30'0""",1500
Plots,119,89 (A),"(50'0"" + 102'6"")/2 x (2'0""+91'3"") / 2",3555
Plots,120,90,"(50'+99'6"") / 2 X (1'0""+ 88'0"") / 2",3326
Plots,121,90/1,"50'0"" x 30'0""",1500
Plots,122,90 (A),"30' 0"" x 50' 0""",1500
Plots,123,90 (B),"30' 0"" x 50' 0""",1500
Plots,124,90 (C.),"30' 0"" x 50' 0""",1500
Plots,125,91,"30' 0"" x 50' 0""",1500
Plots,126,92,"30' 0"" x 50' 0""",1500
Plots,127,93,"30' 0"" x 50' 0""",1500
Plots,128,94,"30' 0"" x 50' 0""",1500
Plots,129,95,"30' 0"" x 50' 0""",1500
Plots,130,96,"30' 0"" x 50' 0""",1500
Plots,131,97,"30' 0"" x 50' 0""",1500
Plots,132,98,"30' 0"" x 50' 0""",1500
Plots,133,99,"30' 0"" x 50' 0""",1500
Plots,134,100,"30' 0"" x 50' 0""",1500
Plots,135,101,"30' 0"" x 50' 0""",1500
Plots,136,102,"30' 0"" x 50' 0""",1500
Plots,137,103,"30' 0"" x 50' 0""",1500
Plots,138,104,"30' 0"" x 50' 0""",1500
Plots,139,105,"30' 0"" x 50' 0""",1500
Plots,140,106,"30' 0"" x 50' 0""",1500
Plots,141,107,"30' 0"" x 50' 0""",1500
Plots,142,108,"30' 0"" x 50' 0""",1500
Plots,143,109,"30' 0"" x 50' 0""",1500
Plots,144,110,"30' 0"" x 50' 0""",1500
Plots,145,111,"30' 0"" x 50' 0""",1500
Plots,146,112,"30' 0"" x 50' 0""",1500
Plots,147,113,"30' 0"" x 50' 0""",1500
Plots,148,114,"30' 0"" x 50' 0""",1500
Plots,149,115,"30' 0"" x 50' 0""",1500
Plots,150,116,"30' 0"" x 50' 0""",1500
Plots,151,117,"30' 0"" x 50' 0""",1500
Plots,152,118,"30' 0"" x 50' 0""",1500
Plots,153,119,"30' 0"" x 50' 0""",1500
Plots,154,119 (A),"30' 0"" x 50' 0""",1500
Plots,155,119 (B),"30' 0"" x 50' 0""",1500
Plots,156,120,"50'0"" x 30'0""",1500
Plots,157,120 (A),"(50'+48'3"") / 2 X (32'3""+ 10'0"") / 2",1038
Plots,158,121,"(55'6""+50')/2 X (17'0""+40')/2",1503
Plots,159,122,"30' 0"" x 50' 0""",1500
Plots,160,123,"30' 0"" x 50' 0""",1500
Plots,161,124,"30' 0"" x 50' 0""",1500
Plots,162,125,"30' 0"" x 50' 0""",1500
Plots,163,127,"30' 0"" x 50' 0""",1500
Plots,164,128,"30' 0"" x 50' 0""",1500
Plots,165,129,"30' 0"" x 50' 0""",1500
Plots,166,130,"30' 0"" x 50' 0""",1500
Plots,167,131,"30' 0"" x 50' 0""",1500
Plots,168,132,"30' 0"" x 50' 0""",1500
Plots,169,133,"30' 0"" x 50' 0""",1500
Plots,170,134,"30' 0"" x 50' 0""",1500
Plots,171,135,"30' 0"" x 50' 0""",1500
Plots,172,136,"30' 0"" x 50' 0""",1500
Plots,173,137,"30' 0"" x 50' 0""",1500
Plots,174,138,"30' 0"" x 50' 0""",1500
Plots,175,139,"30' 0"" x 50' 0""",1500
Plots,176,140,"30' 0"" x 50' 0""",1500
Plots,177,178,"30' 0"" x 50' 0""",1500
Plots,178,179,"30' 0"" x 50' 0""",1500
Plots,179,180,"30' 0"" x 50' 0""",1500
Plots,180,181,"30' 0"" x 50' 0""",1500
Plots,181,182,"30' 0"" x 50' 0""",1500
Plots,182,183,"30' 0"" x 50' 0""",1500
Plots,183,184,"30' 0"" x 50' 0""",1500
Plots,184,185,"30' 0"" x 50' 0""",1500
Plots,185,186,"30' 0"" x 50' 0""",1500
Plots,186,187,"30' 0"" x 50' 0""",1500
Plots,187,188,"(54'0""+50') / 2 X (13'0""+34'6"") / 2",1235
Plots,188,189,"(54'3""+50') / 2 X (20'9""+43'0"") / 2",1661
Plots,189,190,"30' 0"" x 50' 0""",1500
Plots,190,191,"30' 0"" x 50' 0""",1500
Plots,191,192,"30' 0"" x 50' 0""",1500
Plots,192,193,"30' 0"" x 50' 0""",1500
Plots,193,194,"30' 0"" x 50' 0""",1500
Plots,194,195,"30' 0"" x 50' 0""",1500
Plots,195,196,"30' 0"" x 50' 0""",1500
Plots,196,197,"30' 0"" x 50' 0""",1500
Plots,197,198,"30' 0"" x 50' 0""",1500
Plots,198,199,"30' 0"" x 50' 0""",1500
Plots,199,200,"30' 0"" x 50' 0""",1500
Plots,200,201,"30' 0"" x 50' 0""",1500
Plots,201,202,"30' 0"" x 50' 0""",1500
Plots,202,203,"30' 0"" x 50' 0""",1500
Plots,203,204,"30' 0"" x 50' 0""",1500
Plots,204,205,"30' 0"" x 50' 0""",1500
Plots,205,206,"30' 0"" x 50' 0""",1500
Plots,206,207,"30' 0"" x 50' 0""",1500
Plots,207,208,"30' 0"" x 50' 0""",1500
Plots,208,209,"30' 0"" x 50' 0""",1500
Plots,209,210,"30' 0"" x 50' 0""",1500
Plots,210,211,"30' 0"" x 50' 0""",1500
Plots,211,212,"30' 0"" x 50' 0""",1500
Plots,212,213,"(54'0""+50') / 2 x (15'6""+37'3"") / 2",1371
Plots,213,214,"(54'3""+50') / 2 x (23'+45'6"") / 2",1785
Plots,214,215,"30' 0"" x 50' 0""",1500
Plots,215,216,"30' 0"" x 50' 0""",1500
Plots,216,217,"30' 0"" x 50' 0""",1500
Plots,217,218,"30' 0"" x 50' 0""",1500
Plots,218,219,"30' 0"" x 50' 0""",1500
Plots,219,220,"30' 0"" x 50' 0""",1500
Plots,220,221,"30' 0"" x 50' 0""",1500
Plots,221,222,"30' 0"" x 50' 0""",1500
Plots,222,223,"30' 0"" x 50' 0""",1500
Plots,223,224,"30' 0"" x 50' 0""",1500
Plots,224,225,"30' 0"" x 50' 0""",1500
Plots,225,226,"30' 0"" x 50' 0""",1500
Plots,226,227,"30' 0"" x 50' 0""",1500
Plots,227,228,"30' 0"" x 50' 0""",1500
Plots,228,229,"30' 0"" x 50' 0""",1500
Plots,229,230,"30' 0"" x 50' 0""",1500
Plots,230,231,"30' 0"" x 50' 0""",1500
Plots,231,232,"30' 0"" x 50' 0""",1500
Plots,232,233,"30' 0"" x 50' 0""",1500
Plots,233,234,"30' 0"" x 50' 0""",1500
Plots,234,235,"30' 0"" x 50' 0""",1500
Plots,235,236,"30' 0"" x 50' 0""",1500
Plots,236,237,"30' 0"" x 50' 0""",1500
Plots,237,238,"30' 0"" x 50' 0""",1500
Plots,238,238 (A),"30' 0"" x 50' 0""",1500
Plots,239,239,"(52'6""+50') / 2 x (12'3""+34'9"") / 2",1204
Plots,240,240,"(55'6"" + 50') / 2 x (17'9""+42'3"") / 2",1582
Plots,241,240 (A),"30' 0"" x 50' 0""",1500
Plots,242,241,"30' 0"" x 50' 0""",1500
Plots,243,242,"30' 0"" x 50' 0""",1500
Plots,244,243,"30' 0"" x 50' 0""",1500
Plots,245,244,"30' 0"" x 50' 0""",1500
Plots,246,245,"30' 0"" x 50' 0""",1500
Plots,247,246,"30' 0"" x 50' 0""",1500
Plots,248,247,"30' 0"" x 50' 0""",1500
Plots,249,248,"30' 0"" x 50' 0""",1500
Plots,250,249,"30' 0"" x 50' 0""",1500
Plots,251,250,"30' 0"" x 50' 0""",1500
Plots,252,251,"30' 0"" x 50' 0""",1500
Plots,253,252,"30' 0"" x 50' 0""",1500
Plots,254,253,"30' 0"" x 50' 0""",1500
Plots,255,254,"30' 0"" x 50' 0""",1500
Plots,256,255,"30' 0"" x 50' 0""",1500
Plots,257,256,"30' 0"" x 50' 0""",1500
Plots,258,257,"30' 0"" x 50' 0""",1500
Plots,259,258,"30' 0"" x 50' 0""",1500
Plots,260,259,"30' 0"" x 50' 0""",1500
Plots,261,259 (A),"30' 0"" x 50' 0""",1500
Plots,262,260,"50'0"" x (37'3""+34'6"") / 2",1793
Plots,263,261,"50'0"" x (34'6""+32') / 2",1662
Plots,264,261 (A),"30' 0"" x 50' 0""",1500
Plots,265,262,"30' 0"" x 50' 0""",1500
Plots,266,263,"30' 0"" x 50' 0""",1500
Plots,267,264,"30' 0"" x 50' 0""",1500
Plots,268,265,"30' 0"" x 50' 0""",1500
Plots,269,266,"30' 0"" x 50' 0""",1500
Plots,270,267,"30' 0"" x 50' 0""",1500
Plots,271,268,"30' 0"" x 50' 0""",1500
Plots,272,269,"30' 0"" x 50' 0""",1500
Plots,273,270,"30' 0"" x 50' 0""",1500
Plots,274,271,"30' 0"" x 50' 0""",1500
Plots,275,272,"30' 0"" x 50' 0""",1500
Plots,276,273,"30' 0"" x 50' 0""",1500
Plots,277,274,"30' 0"" x 50' 0""",1500
Plots,278,275,"30' 0"" x 50' 0""",1500
Plots,279,276,"30' 0"" x 50' 0""",1500
Plots,280,277,"30' 0"" x 50' 0""",1500
Plots,281,278,"30' 0"" x 50' 0""",1500
Plots,282,279,"30' 0"" x 50' 0""",1500
Plots,283,279 (A),"30' 0"" x 50' 0""",1500
Plots,284,280,"50'0"" x (30'9""+29'3"") / 2",1500
Plots,285,281,"50 x (29'3""+26'9"") / 2",1400
Plots,286,281 (A),"30' 0"" x 50' 0""",1500
Plots,287,282,"30' 0"" x 50' 0""",1500
Plots,288,283,"30' 0"" x 50' 0""",1500
Plots,289,284,"30' 0"" x 50' 0""",1500
Plots,290,285,"30' 0"" x 50' 0""",1500
Plots,291,286,"30' 0"" x 50' 0""",1500
Plots,292,287,"30' 0"" x 50' 0""",1500
Plots,293,288,"30' 0"" x 50' 0""",1500
Plots,294,289,"30' 0"" x 50' 0""",1500
Plots,295,290,"30' 0"" x 50' 0""",1500
Plots,296,291,"30' 0"" x 50' 0""",1500
Plots,297,292,"30' 0"" x 50' 0""",1500
Plots,298,293,"30' 0"" x 50' 0""",1500
Plots,299,294,"30' 0"" x 50' 0""",1500
Plots,300,295,"30' 0"" x 50' 0""",1500
Plots,301,296,"30' 0"" x 50' 0""",1500
Plots,302,297,"30' 0"" x 50' 0""",1500
Plots,303,298,"30' 0"" x 50' 0""",1500
Plots,304,298 (A),"30' 0"" x 50' 0""",1500
Plots,305,298 (b),"30' 0"" x 50' 0""",1500
Plots,306,299,"(54' 3"" + 50' 0"")/2 x (52' 6"" + 31' 6"")/2",2189
Plots,307,300 (A),"30' 0"" x 50' 0""",1500
Plots,308,300 (b),"30' 0"" x 50' 0""",1500
Plots,309,301,"30' 0"" x 50' 0""",1500
Plots,310,302,"30' 0"" x 50' 0""",1500
Plots,311,303,"30' 0"" x 50' 0""",1500
Plots,312,304,"30' 0"" x 50' 0""",1500
Plots,313,305,"30' 0"" x 50' 0""",1500
Plots,314,306,"30' 0"" x 50' 0""",1500
Plots,315,307,"30' 0"" x 50' 0""",1500
Plots,316,308,"30' 0"" x 50' 0""",1500
Plots,317,309,"30' 0"" x 50' 0""",1500
Plots,318,310,"30' 0"" x 50' 0""",1500
Plots,319,311,"30' 0"" x 50' 0""",1500
Plots,320,312,"30' 0"" x 50' 0""",1500
Plots,321,313,"30' 0"" x 50' 0""",1500
Plots,322,313 (A),"30' 0"" x 50' 0""",1500
Plots,323,313 (b),"30' 0"" x 50' 0""",1500
Plots,324,314,"(55'3"" + 50' 0"")/2 x (48' 3"" + 26' 6"")/2",1966
Plots,325,315,"(54'0"" + 50' 0"")/2 x (39' 3"" + 18' 3"")/2",1495
Plots,326,315 (A),"30' 0"" x 50' 0""",1500
Plots,327,315 (b),"30' 0"" x 50' 0""",1500
Plots,328,316,"30' 0"" x 50' 0""",1500
Plots,329,317,"30' 0"" x 50' 0""",1500
Plots,330,318,"30' 0"" x 50' 0""",1500
Plots,331,319,"30' 0"" x 50' 0""",1500
Plots,332,320,"30' 0"" x 50' 0""",1500
Plots,333,321,"30' 0"" x 50' 0""",1500
Plots,334,322,"30' 0"" x 50' 0""",1500
Plots,335,323,"30' 0"" x 50' 0""",1500
Plots,336,324,"30' 0"" x 50' 0""",1500
Plots,337,325,"30' 0"" x 50' 0""",1500
Plots,338,326,"30' 0"" x 50' 0""",1500
Plots,339,327,"30' 0"" x 50' 0""",1500
Plots,340,328,"30' 0"" x 50' 0""",1500
Plots,341,329,"30' 0"" x 50' 0""",1500
Plots,342,330,"30' 0"" x 50' 0""",1500
Plots,343,331,"30' 0"" x 50' 0""",1500
Plots,344,332,"30' 0"" x 50' 0""",1500
Plots,345,332 (A),"30' 0"" x 50' 0""",1500
Plots,346,332 (b),"30' 0"" x 50' 0""",1500
Plots,347,333,"( 54' 6"" + 50' 0"")/2 x (43' 6'' + 22' 6"")/2",1724
Plots,348,334,"( 54' 6"" + 50' 0"")/2 x (13' 6'' + 35' 0"")/2",1267
Plots,349,334 / 1,"50'0"" x 30'0""",1500
Plots,350,334 (A),"30' 0"" x 50' 0""",1500
Plots,351,335,"30' 0"" x 50' 0""",1500
Plots,352,336,"30' 0"" x 50' 0""",1500
Plots,353,337,"30' 0"" x 50' 0""",1500
Plots,354,338,"30' 0"" x 50' 0""",1500
Plots,355,339,"30' 0"" x 50' 0""",1500
Plots,356,340,"30' 0"" x 50' 0""",1500
Plots,357,341,"30' 0"" x 50' 0""",1500
Plots,358,342,"30' 0"" x 50' 0""",1500
Plots,359,343,"30' 0"" x 50' 0""",1500
Plots,360,344,"30' 0"" x 50' 0""",1500
Plots,361,345,"30' 0"" x 50' 0""",1500
Plots,362,346,"30' 0"" x 50' 0""",1500
Plots,363,347,"30' 0"" x 50' 0""",1500
Plots,364,348,"(12'9""+44'6"") / 2 x (41'6""+51'0"") / 2",1324
Plots,365,348 (A),"(52'6""+50'0"") / 2 x (30'0""+25'9"") / 2",1429
Plots,366,349,"30' 0"" x 50' 0""",1500
Plots,367,350,"30' 0"" x 50' 0""",1500
Plots,368,351,"30' 0"" x 50' 0""",1500
Plots,369,352,"30' 0"" x 50' 0""",1500
Plots,370,353,"30' 0"" x 50' 0""",1500
Plots,371,354,"30' 0"" x 50' 0""",1500
Plots,372,355,"30' 0"" x 50' 0""",1500
Plots,373,356,"30' 0"" x 50' 0""",1500
Plots,374,357,"30' 0"" x 50' 0""",1500
Plots,375,358,"30' 0"" x 50' 0""",1500
Plots,376,359,"30' 0"" x 50' 0""",1500
Plots,377,360,"30' 0"" x 50' 0""",1500
Plots,378,360 (A),"30' 0"" x 50' 0""",1500
Plots,379,361,"( 54' 3"" + 50' 0"")/2x (57' 6"" + 36' 3"" )/2",2443
Plots,380,362,"( 43' 6"" + 40' 0"")/2 x (45' 3"" + 27' 6"")/2",1518
Plots,381,362 (A),"30' 0"" x 40' 0""",1200
Plots,382,363,"30' 0"" x 40' 0""",1200
Plots,383,364,"30' 0"" x 40' 0""",1200
Plots,384,365,"30' 0"" x 40' 0""",1200
Plots,385,366,"30' 0"" x 40' 0""",1200
Plots,386,367,"30' 0"" x 40' 0""",1200
Plots,387,368,"30' 0"" x 40' 0""",1200
Plots,388,369,"30' 0"" x 40' 0""",1200
Plots,389,370,"30' 0"" x 40' 0""",1200
Plots,390,371,"30' 0"" x 40' 0""",1200
Plots,391,372,"30' 0"" x 40' 0""",1200
Plots,392,373,"30' 0"" x 40' 0""",1200
Plots,393,374,"30' 0"" x 40' 0""",1200
Plots,394,374 (A),"(65'6""+40'0"") / 2 x (55'9""+3'0"") / 2",1549
Plots,395,375,"(40' 0"" + 45'6"" )/2 x 60'0""",2565
Plots,396,376,"40' 0"" x 60' 0""",2400
Plots,397,377,"40' 0"" x 60' 0""",2400
Plots,398,378,"40' 0"" x 60' 0""",2400
Plots,399,379,"40' 0"" x 60' 0""",2400
Plots,400,380,"40' 0"" x 60' 0""",2400
Plots,401,381,"40' 0"" x 60' 0""",2400
Plots,402,382,"40' 0"" x 60' 0""",2400
Plots,403,383,"40' 0"" x 60' 0""",2400
Plots,404,384,"80' 0"" x 60' 0""",4800
Plots,405,384B,"(26'3"" + 0') / 2 x (60' + 64') / 2",814
Plots,406,385,"30'0"" x 59'3""",1777
Plots,407,385 (A),"(0' 6"" + 27' 0"")/2 x (64' 9"" + 59' 3"")/2",852
Plots,408,386,"(38' 3"" + 37'9"") / 2 x 60'0""",2280
Plots,409,387,40'  x 60',2400
Plots,410,388,"(40'+40' 9"")/2 x (60' 0""+53'6"") / 2",2291
Plots,411,389,"(40'0"" + 42' 6"") x (39' 0"" + 53'6"") / 2",1907
Plots,412,390,"(40'0"" + 42' 6"") x (39' 0"" + 23'3"") / 2",1283
Plots,413,391,"(33'3""+25'9""') / 2 x (23'3""+13'0"") / 2",534
Plots,414,392,"(33'0"" + 30'0"") / 2 x (46'9""+ 59'6"") / 2",1673
Plots,415,392 / 1,"(76'3"" + 62'9"") / 2 x (13'0""+ 45'3"") / 2",2024
Plots,416,392 (A),"40' 0"" x 60' 0""",2400
Plots,417,392 (b),"40' 0"" x 60' 0""",2400
Plots,418,393,"40' 0"" x 60' 0""",2400
Plots,419,394,"40' 0"" x 60' 0""",2400
Plots,420,395,"40' 0"" x 60' 0""",2400
Plots,421,396,"40' 0"" x 60' 0""",2400
Plots,422,397,"40' 0"" x 60' 0""",2400
Plots,423,398,"40' 0"" x 60' 0""",2400
Plots,424,399,"40' 0"" x 60' 0""",2400
Plots,425,400,"40' 0"" x 60' 0""",2400
Plots,426,401,"40' 0"" x 60' 0""",2400
Plots,427,402,"40' 0"" x 60' 0""",2400
Plots,428,403,"40' 0"" x 60' 0""",2400
Plots,429,406,"(42'3"" + 30'0"") / 2 "" x (60'0"" + 60'9"") / 2",2181
Plots,430,406A,"30'9"" x (59'6"" + 60'0"") / 2",1837
Plots,431,419,"40'0"" x 40'0""",1600
Plots,432,420,"80'0"" x 60'0""",4800
Plots,433,421,"80'0"" x 60'0""",4800
Plots,434,422,"80'0"" x 30'0""",2400
Plots,435,423,"80'0"" x 30'0""",2400
Plots,436,424,"40' 0"" x 60' 0""",2400
Plots,437,429,"40' 0"" x 60' 0""",2400
Plots,438,430,"40'0"" x 50'0""",2000
Plots,439,432,"40' 0"" x 60' 0""",2400
Plots,440,433,"40' 0"" x 60' 0""",2400
Plots,441,434,"40' 0"" x 60' 0""",2400
Plots,442,435,"40' 0"" x 60' 0""",2400
Plots,443,436,"40' 0"" x 60' 0""",2400
Plots,444,437,"80'0"" x 60'0""",4800
Plots,445,438,"80'0"" x 60'0""",4800
Plots,446,443,"40' 0"" x 60' 0""",2400
Plots,447,444,"40' 0"" x 60' 0""",2400
Plots,448,445,"40' 0"" x 60' 0""",2400
Plots,449,446,"40' 0"" x 60' 0""",2400
Plots,450,447,"40' 0"" x 60' 0""",2400
Plots,451,448,"40' 0"" x 60' 0""",2400
Plots,452,449,"80'0"" x 60'0""",4800
Plots,453,450,"80'0"" x 60'0""",4800
Plots,454,451,"40' 0"" x 60' 0""",2400
Plots,455,456,"40' 0"" x 60' 0""",2400
Plots,456,457,"40' 0"" x 60' 0""",2400
Plots,457,458,"40' 0"" x 60' 0""",2400
Plots,458,459,"40' 0"" x 60' 0""",2400
Plots,459,460,"40' 0"" x 60' 0""",2400
Plots,460,461,"40'0"" x 60'0""",2400
Plots,461, 461 (A),"40'0"" x 60'0""",2400
Plots,462,461 (B),"(40'6"" + 40'0"") / 2 x (65'0""+ 62'0"") / 2",2556
Plots,463,461 (C),"(40'6"" + 40'0"") / 2 x (68'0""+ 65'0"") / 2",2676
Plots,464,462,"40'0"" x (68'0""+71'0"") / 2",2780
Plots,465,463,"40'0"" x (74'6""+71'0"") / 2",2910
Plots,466,464,"40'0"" x (78'0""+74'6"") / 2",3050
Plots,467,465,"40'0"" x (81'0""+78'0"") / 2",3180
Plots,468,466,"(40'0""+41'0"") / 2  x 81'0""",3280
Plots,469,467,"50' 0"" x 80' 0""",4000
Plots,470,468,"50' 0"" x 80' 0""",4000
Plots,471,469,"50' 0"" x 80' 0""",4000
Plots,472,470,"50' 0"" x 80' 0""",4000
Plots,473,471,"50' 0"" x 80' 0""",4000
Plots,474,472,"50' 0"" x 80' 0""",4000
Plots,475,473,"50' 0"" x 80' 0""",4000
Plots,476,474,"50' 0"" x 80' 0""",4000
Plots,477,475,"50' 0"" x 80' 0""",4000
Plots,478,476,"50' 0"" x 80' 0""",4000
Plots,479,477,"50' 0"" x 80' 0""",4000
Plots,480,478,"60' 0"" x 80' 0""",4800
Plots,481,479,"50' 0"" x 80' 0""",4000
Plots,482,481,"38' 0"" x 80' 0""",3040
Plots,483,482,"50' 0"" x 80' 0""",4000
Plots,484,483,"(53'9"" + 52'0"") / 2 x 80'",4230
Plots,485,489,"50' 0"" x 80' 0""",4000
Plots,486,490,"50' 0"" x 80' 0""",4000
Plots,487,495,"80' 0"" x 120' 0""",9600
Plots,488,496,"64' 6"" x 120' 0""",7740
Plots,489,497,"80' 0"" x 120' 0""",9600
Plots,490,498,"80' 0"" x 120' 0""",9600
Plots,491,501,"80' 0"" x 120' 0""",9600
Plots,492,502 B,"80' 0"" x 40' 0""",3200
Plots,493,502 A,"80' 0"" x 40' 0""",3200
Plots,494,502 C,"80' 0"" x 40' 0""",3200
Plots,495,503,"80' 0"" x 120' 0""",9600
Plots,496,504,"80' 0"" x 120' 0""",9600
Plots,497,505,"80' 0"" x 120' 0""",9600
Plots,498,506,"80' 0"" x 120' 0""",9600
Plots,499,507,"80' 0"" x 120' 0""",9600
Plots,500,508,"80' 0"" x 120' 0""",9600
Plots,501,509,"80' 0"" x 120' 0""",9600
Plots,502,510,"80' 0"" x 120' 0""",9600
Plots,503,511,"4'3""+ 83'3"" / 2 x 40'0""",1750
Plots,504,511 A,"83'3"" x 40'0""",3330
Plots,505,511 B,"60'0"" x 120'0""",7200
Plots,506,514,"(50'0""+49'6"") / 2 x (72'6"" + 67'0"") / 2",3470
Plots,507,515,"(120'0"" + 130'0"") / 2 x (0'0""+50') / 2",3125
Plots,508,515 (A),"(40'0"" + 46'3"") / 2 x (50'0""+49'6"") / 2",2145
Plots,509,516 (A),"(24'9""+26'0"")/2 x (33'9""+26'0"")/2",758
Plots,510,517,"49'6"" x 72'6""",3588
Plots,511,518,"40' 0"" x 72'6""",2900
Plots,512,519,"40' 0"" x 72'6""",2900
Plots,513,520,"40' 0"" x 72'6""",2900
Plots,514,521,"40' 0"" x 72'6""",2900
Plots,515,529,"60' 0"" x 90' 0""",5400
Plots,516,530,"60' 0"" x 90' 0""",5400
Plots,517,531,"60' 0"" x 90' 0""",5400
Plots,518,532,"60' 0"" x 90' 0""",5400
Plots,519,533,"60' 0"" x 90' 0""",5400
Plots,520,534,"(60' 0"" + 58'6"") / 2  x 90' 0""",5332
Plots,521,535,"60' 0"" x 90' 0""",5400
Plots,522,536,"60' 0"" x 90' 0""",5400
Plots,523,537,"60' 0"" x 90' 0""",5400
Plots,524,539,"60' 0"" x 90' 0""",5400
Plots,525,540,"50' 0"" x 90' 0""",4500
Plots,526,541,"50' 0"" x 80' 0""",4000
Plots,527,542,"50' 0"" x 80' 0""",4000
Plots,528,543,"50' 0"" x 80' 0""",4000
Plots,529,544,"50' 0"" x 80' 0""",4000
Plots,530,546,"50' 0"" x 80' 0""",4000
Plots,531,547,"50' 0"" x 80' 0""",4000
Plots,532,548,"50' 0"" x 80' 0""",4000
Plots,533,549,"50' 0"" x 80' 0""",4000
Plots,534,550,"50' 0"" x 80' 0""",4000
Plots,535,551,"50' 0"" x 80' 0""",4000
Plots,536,552,"50' 0"" x 80' 0""",4000
Plots,537,553,"50' 0"" x 80' 0""",4000
Plots,538,554,"50' 0"" x 80' 0""",4000
Plots,539,565,"40' 0"" x 60' 0""",2400
Plots,540,566,"40' 0"" x 60' 0""",2400
Plots,541,567,"40' 0"" x 60' 0""",2400
Plots,542,568,"40' 0"" x 60' 0""",2400
Plots,543,569,"40' 0"" x 60' 0""",2400
Plots,544,570,"40' 0"" x 60' 0""",2400
Plots,545,571,"40' 0"" x 60' 0""",2400
Plots,546,572,"40' 0"" x 60' 0""",2400
Plots,547,573,"40' 0"" x 60' 0""",2400
Plots,548,574,"40' 0"" x 60' 0""",2400
Plots,549,575,"40' 0"" x 60' 0""",2400
Plots,550,576,"40' 0"" x 60' 0""",2400
Plots,551,580,"40' 0"" x 60' 0""",2400
Plots,552,581,"40' 0"" x 60' 0""",2400
Plots,553,582,"40' 0"" x 60' 0""",2400
Plots,554,583,"40' 0"" x 60' 0""",2400
Plots,555,584,"40' 0"" x 60' 0""",2400
Plots,556,585,"40' 0"" x 60' 0""",2400
Plots,557,586,"40' 0"" x 60' 0""",2400
Plots,558,587,"40' 0"" x 60' 0""",2400
Plots,559,588,"40' 0"" x 60' 0""",2400
Plots,560,589,"40' 0"" x 60' 0""",2400
Plots,561,590,"40' 0"" x 60' 0""",2400
Plots,562,591,"40' 0"" x 60' 0""",2400
Plots,563,592,"40' 0"" x 60' 0""",2400
Plots,564,593,"40' 0"" x 60' 0""",2400
Plots,565,594,"40' 0"" x 60' 0""",2400
Plots,566,595,"40' 0"" x 60' 0""",2400
Plots,567,596,"(59'6""+55'0"") / 2 x 40' + (35'+6'6"")/2",2333
Plots,568,597,"(37'0""+55') / 2 x (22'9""+28'9"") / 2",1184.5
Plots,569,598,"(42'3""+0') / 2 x (49'+64') / 2",1193
Plots,570,599,"(34'+56'3"") / 2 x (44'9"" + 0) / 2",1009
Plots,571,600,"(51'3""+34') / 2 x (28'9""+22'9"") / 2",1098
Plots,572,601,"(60'0""+51'3"") / 2 x 40'+(32'0"" +11'0"") / 2",2308
Plots,573,602,"40' 0"" x 60' 0""",2400
Plots,574,603,"40' 0"" x 60' 0""",2400
Plots,575,604,"40' 0"" x 60' 0""",2400
Plots,576,605,"40' 0"" x 60' 0""",2400
Plots,577,606,"40' 0"" x 60' 0""",2400
Plots,578,607,"40' 0"" x 60' 0""",2400
Plots,579,608,"40' 0"" x 60' 0""",2400
Plots,580,609,"40' 0"" x 60' 0""",2400
Plots,581,610,"40' 0"" x 60' 0""",2400
Plots,582,612,"40' 0"" x 60' 0""",2400
Plots,583,613,"40' 0"" x 60' 0""",2400
Plots,584,614,"40' 0"" x 60' 0""",2400
Plots,585,615,"40' 0"" x 60' 0""",2400
Plots,586,616,"40' 0"" x 60' 0""",2400
Plots,587,617,"40' 0"" x 60' 0""",2400
Plots,588,619,"(40'6""+0') / 2 x (46'6""+65') / 2",1128
Plots,589,620,"(57'6""+60'0') / 2 x (40'0"" + 41'0"") / 2",2379
Plots,590,620 (A),"(0'0""+57'6') / 2 x (68'3"" + 93'0"") / 2",2318
Plots,591,621,"40' 0"" x 60' 0""",2400
Plots,592,622,"40' 0"" x 60' 0""",2400
Plots,593,623,"40' 0"" x 60' 0""",2400
Plots,594,624,"40' 0"" x 60' 0""",2400
Plots,595,625,"40' 0"" x 60' 0""",2400
Plots,596,626,"40' 0"" x 60' 0""",2400
Plots,597,627,"40' 0"" x 60' 0""",2400
Plots,598,628,"40' 0"" x 60' 0""",2400
Plots,599,630,"40' 0"" x 60' 0""",2400
Plots,600,632,"40' 0"" x 60' 0""",2400
Plots,601,633,"40' 0"" x 60' 0""",2400
Plots,602,634,"40' 0"" x 60' 0""",2400
Plots,603,635,"40' 0"" x 60' 0""",2400
Plots,604,636,"40' 0"" x 60' 0""",2400
Plots,605,637,"40' 0"" x 60' 0""",2400
Plots,606,638,"40' 0"" x 60' 0""",2400
Plots,607,639,"(60'0"" + 67""6"") / 2 x (71'0""+40'6"") / 2",3554
Plots,608,640,"(60'0"" + 67""0"") / 2 x (80'9""+51'3"") / 2",4191
Plots,609,641,"40' 0"" x 60' 0""",2400
Plots,610,642,"40' 0"" x 60' 0""",2400
Plots,611,643,"40' 0"" x 60' 0""",2400
Plots,612,644,"40' 0"" x 60' 0""",2400
Plots,613,645,"40' 0"" x 60' 0""",2400
Plots,614,646,"40' 0"" x 60' 0""",2400
Plots,615,647,"40' 0"" x 60' 0""",2400
Plots,616,648,"40' 0"" x 60' 0""",2400
Plots,617,649,"40' 0"" x 60' 0""",2400
Plots,618,650,"40' 0"" x 60' 0""",2400
Plots,619,651,"40' 0"" x 60' 0""",2400
Plots,620,652,"40' 0"" x 60' 0""",2400
Plots,621,653,"40' 0"" x 60' 0""",2400
Plots,622,654,"40' 0"" x 60' 0""",2400
Plots,623,655,"40' 0"" x 60' 0""",2400
Plots,624,656,"40' 0"" x 60' 0""",2400
Plots,625,657,"60' 0"" x 40' 0""",2400
Plots,626,657 (A),"(67'6""+60'0') / 2 x (0'9"" + 32'0"") / 2",1044
Plots,627,658,"(60'0"" + 67""6"") / 2 x (80'9""+50'0"") / 2",4167
Plots,628,659,"40' 0"" x 60' 0""",2400
Plots,629,660,"40' 0"" x 60' 0""",2400
Plots,630,661,"40' 0"" x 60' 0""",2400
Plots,631,662,"40' 0"" x 60' 0""",2400
Plots,632,663,"40' 0"" x 60' 0""",2400
Plots,633,664,"40' 0"" x 60' 0""",2400
Plots,634,665,"40' 0"" x 60' 0""",2400
Plots,635,666,"40' 0"" x 60' 0""",2400
Plots,636,667,"40' 0"" x 60' 0""",2400
Plots,637,690,"40' 0"" x 60' 0""",2400
Plots,638,691,"40' 0"" x 60' 0""",2400
Plots,639,692,"38' 9"" x 60' 0""",2325
Plots,640,693,"40' 0"" x 60' 0""",2400
Plots,641,694,"40' 0"" x 60' 0""",2400
Plots,642,695,"38' 9"" x 60' 0""",2325
Plots,643,696,"40' 0"" x 60' 0""",2400
Plots,644,697,"40' 0"" x 60' 0""",2400
Plots,645,698,"40' 0"" x 60' 0""",2400
Plots,646,699,"40' 0"" x 60' 0""",2400
Plots,647,700,"40' 0"" x 60' 0""",2400
Plots,648,701,"40' 0"" x 60' 0""",2400
Plots,649,702,"40' 0"" x 60' 0""",2400
Plots,650,703,"40' 0"" x 60' 0""",2400
Plots,651,704,"40' 0"" x 60' 0""",2400
Plots,652,705,"40' 0"" x 60' 0""",2400
Plots,653,706,"40' 0"" x 60' 0""",2400
Plots,654,707,"38' 9"" x 60' 0""",2325
Plots,655,708,"40' 0"" x 60' 0""",2400
Plots,656,709,"40' 0"" x 60' 0""",2400
Plots,657,710,"40' 0"" x 60' 0""",2400
Plots,658,711,"38' 9"" x 60' 0""",2325
Plots,659,712,"40' 0"" x 60' 0""",2400
Plots,660,713,"40' 0"" x 60' 0""",2400
Plots,661,714,"40' 0"" x 60' 0""",2400
Plots,662,715,"40' 0"" x 60' 0""",2400
Plots,663,716,"40' 0"" x 60' 0""",2400
Plots,664,717,"40' 0"" x 60' 0""",2400
Plots,665,718,"40' 0"" x 60' 0""",2400
Plots,666,719,"40' 0"" x 60' 0""",2400
Plots,667,721,"40' 0"" x 60' 0""",2400
Plots,668,722,"40' 0"" x 60' 0""",2400
Plots,669,723,"40' 0"" x 60' 0""",2400
Plots,670,724,"(39' 0"" + 39' 3"") / 2 x 60' 0""",2347
Plots,671,725,"40' 0"" x 60' 0""",2400
Plots,672,726,"40' 0"" x 60' 0""",2400
Plots,673,727,"(39' 6""+39'3"") / 2  x 60' 0""",2362
Plots,674,728,"40' 0"" x 60' 0""",2400
Plots,675,729,"40' 0"" x 60' 0""",2400
Plots,676,730,"40' 0"" x 60' 0""",2400
Plots,677,731,"40' 0"" x 60' 0""",2400
Plots,678,732,"40' 0"" x 60' 0""",2400
Plots,679,733,"40' 0"" x 60' 0""",2400
Plots,680,734,"40' 0"" x 60' 0""",2400
Plots,681,735,"40' 0"" x 60' 0""",2400
Plots,682,736,"40' 0"" x 60' 0""",2400
Plots,683,737,"40' 0"" x 60' 0""",2400
Plots,684,738,"40' 0"" x 60' 0""",2400
Plots,685,739,"40' 0"" x 60' 0""",2400
Plots,686,740,"(39' 9"" + 40'0"") / 2 x 60' 0""",2392
Plots,687,741,"40' 0"" x 60' 0""",2400
Plots,688,742,"40' 0"" x 60' 0""",2400
Plots,689,743,"40' 0"" x 60' 0""",2400
Plots,690,744,"40' 0"" x 60' 0""",2400
Plots,691,745,"40' 0"" x 60' 0""",2400
Plots,692,746,"40' 0"" x 60' 0""",2400
Plots,693,747,"40' 0"" x 60' 0""",2400
Plots,694,748,"40' 0"" x 60' 0""",2400
Plots,695,749,"40' 0"" x 60' 0""",2400
Plots,696,753,"40' 0"" x 60' 0""",2400
Plots,697,754,"40' 0"" x 60' 0""",2400
Plots,698,755,"40' 0"" x 60' 0""",2400
Plots,699,756,"40' 0"" x 60' 0""",2400
Plots,700,757,"40' 0"" x 60' 0""",2400
Plots,701,758,"40' 0"" x 60' 0""",2400
Plots,702,759,"40' 0"" x 60' 0""",2400
Plots,703,760,"40' 0"" x 60' 0""",2400
Plots,704,762,"(19'3""+67'3"") + 80' / 2 x (39'6""+10'3"") / 2",2071
Plots,705,763,"40' 0"" x 60' 0""",2400
Plots,706,764,"40' 0"" x 60' 0""",2400
Plots,707,765,"(54'6""+49'3"") / 2 x (70'+46') / 2",3008
Plots,708,766,"(95'3""+106') / 2 x (46'+0') / 2",2314
Plots,709,767,"(10'3""+19'9"") / 2 x (50'6""+50') / 2",754
Plots,710,768,"16'3"" x 50'",812
Plots,711,769,"30' 0"" x 50' 0""",1500
Plots,712,770,"30' 0"" x 50' 0""",1500
Plots,713,771,"30' 0"" x 50' 0""",1500
Plots,714,772,"30' 0"" x 50' 0""",1500
Plots,715,773,"30' 0"" x 50' 0""",1500
Plots,716,774,"30' 0"" x 50' 0""",1500
Plots,717,775,"30' 0"" x 50' 0""",1500
Plots,718,776,"30' 0"" x 50' 0""",1500
Plots,719,777,"30' 0"" x 50' 0""",1500
Plots,720,778,"30' 0"" x 50' 0""",1500
Plots,721,779,"30' 0"" x 50' 0""",1500
Plots,722,780,"30' 0"" x 50' 0""",1500
Plots,723,781,"30' 0"" x 50' 0""",1500
Plots,724,782,"30' 0"" x 50' 0""",1500
Plots,725,783,"30' 0"" x 50' 0""",1500
Plots,726,784,"30' 0"" x 50' 0""",1500
Plots,727,785,"(14'9""+30'0"") / 2 x (58'9""+49'6) / 2",1211
Plots,728,785 (A),"(14'9""+26'3"") / 2 x (59'6""+58'9"") / 2",1212
Plots,729,786,"40' 0"" x (60' 0""+59'6"") / 2",2390
Plots,730,787,"40' 0"" x 60' 0""",2400
Plots,731,788,"40' 0"" x 60' 0""",2400
Plots,732,789,"40' 0"" x 60' 0""",2400
Plots,733,790,"40' 0"" x 60' 0""",2400
Plots,734,791,"40' 0"" x 60' 0""",2400
Plots,735,792,"30' 0"" x 60' 0""",1800
Plots,736,793,"40' 0"" x 60' 0""",2400
Plots,737,794,"40' 0"" x 60' 0""",2400
Plots,738,795,"40' 0"" x 60' 0""",2400
Plots,739,796,"39' 0"" x 60' 0""",2340
Plots,740,797,"40' 0"" x 60' 0""",2400
Plots,741,798,"40' 0"" x 60' 0""",2400
Plots,742,799,"(111'9""+90'6"") / 2 x (60'+62'9"") / 2",6206
Plots,743,800,"(90'6""+69'3"") / 2 x (60'+63'9"") / 2 ",4942
Plots,744,801,"(68'6""+47'6"") / 2 x (60'+63'9"") / 2",3589
Plots,745,802,"(37'0""+48'0"") / 2 x (30'0""+32'0"") / 2",1317
Plots,746,802 (A),"(37'0""+0'0"") / 2 x (99'6""+106'3"") / 2",1903
Plots,747,818,"40' 0"" x 60' 0""",2400
Plots,748,819,"40' 0"" x 60' 0""",2400
Plots,749,820,"40' 0"" x 60' 0""",2400
Plots,750,821,"40' 0"" x 60' 0""",2400
Plots,751,823,"40' 0"" x 60' 0""",2400
Plots,752,824,"40' 0"" x 60' 0""",2400
Plots,753,825,"40' 0"" x 60' 0""",2400
Plots,754,826,"40' 0"" x 60' 0""",2400
Plots,755,827,"40' 0"" x 60' 0""",2400
Plots,756,828,"40' 0"" x 60' 0""",2400
Plots,757,829,"40' 0"" x 60' 0""",2400
Plots,758,830,"40' 0"" x 60' 0""",2400
Plots,759,831,"40' 0"" x 60' 0""",2400
Plots,760,832,"40' 0"" x 60' 0""",2400
Plots,761,833,"40' 0"" x 60' 0""",2400
Plots,762,834,"40' 0"" x 60' 0""",2400
Plots,763,835,"40' 0"" x 60' 0""",2400
Plots,764,836,"(60'0"" + 41'3"") / 2 x 40'+(22'6""+21'6"") / 2",2126
Plots,765,837,"(71'9+60') / 2 x (0'0""+37'9"") / 2",1243
Plots,766,837 (A),"60' x (28'6""+30'0"") / 2",1755
Plots,767,838,"40' 0"" x 60' 0""",2400
Plots,768,838 (A),"40' 0"" x 60' 0""",2400
Plots,769,839,"40' 0"" x 60' 0""",2400
Plots,770,840,"40' 0"" x 60' 0""",2400
Plots,771,841,"40' 0"" x 60' 0""",2400
Plots,772,842,"40' 0"" x 60' 0""",2400
Plots,773,843,"40' 0"" x 60' 0""",2400
Plots,774,844,"40' 0"" x 60' 0""",2400
Plots,775,845,"40' 0"" x 60' 0""",2400
Plots,776,845 (A),"40' 0"" x 60' 0""",2400
Plots,777,846,"(60'+60'6"") / 2 x (37'6""+40'0"") / 2",2335
Plots,778,846 A,"(72'3""+60'6"") / 2 x (0'0""+37'9"") / 2",1253
Plots,779,2 (B),"59'6"" x 40'0""",2380
Plots,780,5,"30'0"" x 50'0""",1500
Plots,781,5 (A),"50'0"" x 30'0""",1500
Plots,782,11,"(157'6"" + 144'6"") / 2 x (80'+81') / 2",12155
Plots,783,12,"(84'0"" + 80'9"") / 2 x (131' + 144'6"") / 2",11347
Plots,784,16 (B),"(52'6""+53'0"") / 2 x 40'0""",2110
Plots,785,16 (C),"50'6"" x 40'0""",2020
Plots,786,75 (d),"30' 0"" x 50' 0""",1500
Plots,787,126,"30' 0"" x 50' 0""",1500
Plots,788,611,"40' 0"" x 60' 0""",2400
Plots,789,720,"40' 0"" x 60' 0""",2400
Plots,790,516,"(24'9""+27'0"")/2 x (49'6""+35'0"")/2",1093
Plots,791,618,"(60'0""+40'6"") / 2 x (28'6""+26')/2",1369
Plots,792,30 (a),"(51'3""+40'0"") / 2 x (85'6""+53'0"") / 2",3159
Plots,793,384A,"42'3"" x 60'0""",2535
Plots,794,17,"(68'3""+51'6"") / 2 x (84'0""+40'0"") / 2",3712
Plots,795,30,"(48'6""+39'9"") / 2 x (53''0""+22'0"") / 2",1655
Plots,796,408,"60'0"" x 100'0""",6000
Plots,797,803,"40' 0"" x 60' 0""",2400
Plots,798,29,"50' 0"" x 80' 0""",4000
Plots,799,75,"(50'0"" + 35'3"")/2 x (43'6""+40'0"") / 2 == (58'6"" + 35'3"")/2 x (46'0"" + 39'9"") / 2",2010
Plots,800,75 (a),"30' 0"" x 50' 0""",1500
Plots,801,75 (b),"30' 0"" x 50' 0""",1500
Plots,802,141,"30' 0"" x 50' 0""",1500
Plots,803,142,"30' 0"" x 50' 0""",1500
Plots,804,143,"30' 0"" x 50' 0""",1500
Plots,805,144,"30' 0"" x 50' 0""",1500
Plots,806,145,"30' 0"" x 50' 0""",1500
Plots,807,146,"30' 0"" x 50' 0""",1500
Plots,808,147,"30' 0"" x 50' 0""",1500
Plots,809,148,"30' 0"" x 50' 0""",1500
Plots,810,149,"30' 0"" x 50' 0""",1500
Plots,811,150,"30' 0"" x 50' 0""",1500
Plots,812,151,"30' 0"" x 50' 0""",1500
Plots,813,152,"30' 0"" x 50' 0""",1500
Plots,814,153,"30' 0"" x 50' 0""",1500
Plots,815,154,"30' 0"" x 50' 0""",1500
Plots,816,155,"30' 0"" x 50' 0""",1500
Plots,817,156,"30' 0"" x 50' 0""",1500
Plots,818,157,"30' 0"" x 50' 0""",1500
Plots,819,158,"30' 0"" x 50' 0""",1500
Plots,820,159,"(54'9""+50') / 2 X (11' + 33'9"")/2",1171
Plots,821,160,"(55'6""+50') / 2 X (18'3"" + 41'0"")/2",1562
Plots,822,161,"30' 0"" x 50' 0""",1500
Plots,823,162,"30' 0"" x 50' 0""",1500
Plots,824,163,"30' 0"" x 50' 0""",1500
Plots,825,164,"30' 0"" x 50' 0""",1500
Plots,826,173,"30' 0"" x 50' 0""",1500
Plots,827,174,"30' 0"" x 50' 0""",1500
Plots,828,175,"30' 0"" x 50' 0""",1500
Plots,829,176,"30' 0"" x 50' 0""",1500
Plots,830,177,"30' 0"" x 50' 0""",1500
Plots,831,300,"( 55'0"" + 50' 0"")/2 x ( 43' 9"" + 22' 6"")/2",1739
Plots,832,404,"40' 0"" x 60' 0""",2400
Plots,833,405,"40' 0"" x 60' 0""",2400
Plots,834,409,"60' 0"" x 100' 0""",6000
Plots,835,410,"60' 0"" x 100' 0""",6000
Plots,836,411,"60' 0"" x 100' 0""",6000
Plots,837,412,"60' 0"" x 100' 0""",6000
Plots,838,413,"60' 0"" x 100' 0""",6000
Plots,839,414,"60' 0"" x 100' 0""",6000
Plots,840,415,"60' 0"" x 100' 0""",6000
Plots,841,416,"60' 0"" x 100' 0""",6000
Plots,842,417,"60' 0"" x 100' 0""",6000
Plots,843,418,"(100' 0"" + 112' 9"" )/2 x (111' 3"" + 75' 6"") /2",9464
Plots,844,425,"40' 0"" x 60' 0""",2400
Plots,845,426,"40' 0"" x 60' 0""",2400
Plots,846,427,"40' 0"" x 60' 0""",2400
Plots,847,428,"40' 0"" x 60' 0""",2400
Plots,848,431,"40'0"" x 30'0""",1200
Plots,849,439,"40' 0"" x 60' 0""",2400
Plots,850,440,"40' 0"" x 60' 0""",2400
Plots,851,441,"40' 0"" x 60' 0""",2400
Plots,852,442,"40' 0"" x 60' 0""",2400
Plots,853,452,"40' 0"" x 60' 0""",2400
Plots,854,453,"40' 0"" x 60' 0""",2400
Plots,855,454,"40' 0"" x 60' 0""",2400
Plots,856,455,"40' 0"" x 60' 0""",2400
Plots,857,480,"50' 0"" x 80' 0""",4000
Plots,858,486,"50' 0"" x 80' 0""",4000
Plots,859,487,"50' 0"" x 80' 0""",4000
Plots,860,488,"50' 0"" x 80' 0""",4000
Plots,861,491,"50' 0"" x 80' 0""",4000
Plots,862,492,"50' 0"" x 80' 0""",4000
Plots,863,493,"50' 0"" x 80' 0""",4000
Plots,864,494,"44' 6"" x 80' 0""",3560
Plots,865,499,"80' 0"" x 120' 0""",9600
Plots,866,500,"49' 10"" x 120' 11""",6025
Plots,867,512,"(88'9""+88'3"") / 2 x (59'0""+49'6"") / 2",4800
Plots,868,513,"(72'3""+71'9"") / 2  x (67'0"" + 59'0"") / 2",4535
Plots,869,538,"60' 0"" x 90' 0""",5400
Plots,870,545,"50' 0"" x 80' 0""",4000
Plots,871,629,"40' 0"" x 60' 0""",2400
Plots,872,631,"40' 0"" x 60' 0""",2400
Plots,873,686,"40' 0"" x 60' 0""",2400
Plots,874,687,"40' 0"" x 60' 0""",2400
Plots,875,688,"40' 0"" x 60' 0""",2400
Plots,876,689,"40' 0"" x 60' 0""",2400
Plots,877,750,"120'0""  x 100'0""",12000
Plots,878,751,"120'0"" x 80'0""",9600
Plots,879,752,"40' 0"" x 60' 0""",2400
Plots,880,761,"60'0"" x 40'0""",2400
Plots,881,804,"40' 0"" x 60' 0""",2400
Plots,882,805,"40' 0"" x 60' 0""",2400
Plots,883,806,"40' 0"" x 60' 0""",2400
Plots,884,807,"40' 0"" x 60' 0""",2400
Plots,885,808,"40' 0"" x 60' 0""",2400
Plots,886,809,"40' 0"" x 60' 0""",2400
Plots,887,810,"40' 0"" x 60' 0""",2400
Plots,888,811,"40' 0"" x 60' 0""",2400
Plots,889,812,"40' 0"" x 60' 0""",2400
Plots,890,813,"40' 0"" x 60' 0""",2400
Plots,891,814,"40' 0"" x 60' 0""",2400
Plots,892,815,"40' 0"" x 60' 0""",2400
Plots,893,816,"40' 0"" x 60' 0""",2400
Plots,894,817,"40' 0"" x 60' 0""",2400
Plots,895,822,"40' 0"" x 60' 0""",2400
Plots,896,1,,61602
Plots,897,6,"(83'4""+73'6"") / 2 x (37'0""+32'0"") / 2",2350
Plots,898,6 (A),"73'6"" x 45'0""",2942
Plots,899,6 (B),"73'6"" x 45'0""",2886
Plots,900,6 (C),"73'6"" x 45'0""",2824
Plots,901,6 (D),"73'6"" x 45'0""",2756
Plots,902,6 (E),"73'6"" x 45'0""",2734
Plots,903,6 (F),"73'6"" x 45'0""",2851
Plots,904,6 (G),"73'6"" x 45'0""",2830
Plots,905,6 (H),"73'6"" x 45'0""",3004
Plots,906,6 (I),"73'6"" x 45'0""",3103
Plots,907,6 (J),"73'6"" x 45'0""",2525
Plots,908,6 (K),"73'6"" x 45'0""",2925
Plots,909,6 (L),"73'6"" x 45'0""",2925
Plots,910,6 (M),"73'6"" x 45'0""",2925
Plots,911,6 (N),"73'6"" x 45'0""",2925
Plots,912,6 (O),"73'6"" x 45'0""",2925
Plots,913,6 (P),"73'6"" x 45'0""",2925
Plots,914,6 (Q),"73'6"" x 45'0""",2925
Plots,915,6 (R),"73'6"" x 45'0""",2925
Plots,916,6 (S),"(83'4""+73'6"") / 2 x (32'0""+27'0"") / 2",2313
Plots,917,165,"30' 0"" x 50' 0""",1500
Plots,918,166,"30' 0"" x 50' 0""",1500
Plots,919,167,"30' 0"" x 50' 0""",1500
Plots,920,168,"30' 0"" x 50' 0""",1500
Plots,921,169,"30' 0"" x 50' 0""",1500
Plots,922,170,"30' 0"" x 50' 0""",1500
Plots,923,171,"30' 0"" x 50' 0""",1500
Plots,924,172,"30' 0"" x 50' 0""",1500
Plots,925,407,"(65'6""+13'0"") / 2 x (113'0"" + 100'0"") / 2",4180
Plots,926,484,"50' 0"" x 80' 0""",4000
Plots,927,485,"50' 0"" x 80' 0""",4000
Plots,928,522,"(65'0""+149'9"")/2 x 90'+(109'9""+20'0"")/2",11798
Plots,929,523,"60' 0"" x 90' 0""",5400
Plots,930,524,"60' 0"" x 90' 0""",5400
Plots,931,525,"60' 0"" x 90' 0""",5400
Plots,932,526,"60' 0"" x 90' 0""",5400
Plots,933,527,"60' 0"" x 90' 0""",5400
Plots,934,528,"60' 0"" x 90' 0""",5400
Plots,935,555,"(49'6"" + 49'3"") / 2 x 80' 0""",3950
Plots,936,556,"50' 0"" x 80' 0""",4000
Plots,937,557,"50' 0"" x 80' 0""",4000
Plots,938,558,"50' 0"" x 80' 0""",4000
Plots,939,559,"50' 0"" x 80' 0""",4000
Plots,940,560,"50' 0"" x 80' 0""",4000
Plots,941,561,"50' 0"" x 80' 0""",4000
Plots,942,562,"50' 0"" x 80' 0""",4000
Plots,943,563,"50' 0"" x 80' 0""",4000
Plots,944,564,"69'9"" x 80'0""",5580
Plots,945,577,"40' 0"" x 60' 0""",2400
Plots,946,578,"40' 0"" x 60' 0""",2400
Plots,947,579,"40' 0"" x 60' 0""",2400
Plots,948,668,"40' 0"" x 60' 0""",2400
Plots,949,669,"40' 0"" x 60' 0""",2400
Plots,950,670,"40' 0"" x 60' 0""",2400
Plots,951,671,"40' 0"" x 60' 0""",2400
Plots,952,672,"40' 0"" x 60' 0""",2400
Plots,953,673,"40' 0"" x 60' 0""",2400
Plots,954,674,"40' 0"" x 60' 0""",2400
Plots,955,675,"40' 0"" x 60' 0""",2400
Plots,956,676,"(60'+67'6"")/2 x (74'3""+43'0"") / 2",3737
Plots,957,677,"(60'+67'6"")/2 x (43'0""+12'3"") / 2",1761
Plots,958,678,"40' 0"" x 60' 0""",2400
Plots,959,679,"40' 0"" x 60' 0""",2400
Plots,960,680,"40' 0"" x 60' 0""",2400
Plots,961,681,"40' 0"" x 60' 0""",2400
Plots,962,682,"40' 0"" x 60' 0""",2400
Plots,963,683,"40' 0"" x 60' 0""",2400
Plots,964,684,"40' 0"" x 60' 0""",2400
Plots,965,685,"40' 0"" x 60' 0""",2400